cod_produto,descricao,familia,descricao_lousinha,marca,sub_recorte
PA01010001,CARNE MOIDA CONG BOVINO - TUBETE 500G - MARCA CHULETAO - CX 10KG,CARNE MOIDA,Tubete Bov. 500g,CHULETÃO,TUBETE
PA01010002,CARNE MOIDA CONG BOVINO - TERMOFORMADA 1KG - MARCA ALLEZA - CX 12KG,CARNE MOIDA,Termof. Alleza 1kg,ALLEZA,BANDEJA
PA01010003,CARNE MOIDA CONG BOVINO - TERMOFORMADA 1KG - MARCA CHULETAO - CX 12KG,CARNE MOIDA,Termof. Chuletão 1kg,CHULETÃO,BANDEJA
PA01010004,"CARNE MOIDA CONG BOVINO 400G  - TUBETE RM  - CX 9,6KG",CARNE MOIDA,,,
PA01010005,CARNE MOIDA CONG BOVINO - SC 500G - MARCA NOVA ITABERABA - CX 10 KG,CARNE MOIDA,Moida 500g Nv. Itab,NOVA ITABERABA,PACOTE
PA01010006,"CARNE MOIDA CONG BOVINO - TUBETE 400G - MARCA CHULETAO - CX 9,6KG",CARNE MOIDA,Tubete Bov. 400g,CHULETÃO,TUBETE
PA01010008,CARNE MOIDA CONG SUINA TUBETE 500G - MARCA NOVA ITABERABA - CX10KG,CARNE MOIDA,Tubt Suino 500g Nv. Itab.,NOVA ITABERABA,PACOTE
PA01010009,CARNE MOIDA CONG BOVINO - TERMOFORMADA 500G - MARCA CHULETAO - CX 12KG,CARNE MOIDA,Termof. Chuletão 500g,CHULETÃO,BANDEJA
PA01010010,CARNE MOIDA CONG BOVINO - TERMOFORMADA 500G - MARCA ALLEZA - CX 12KG,CARNE MOIDA,Termof. Alleza 500g,ALLEZA,BANDEJA
PA01010011,CARNE MOIDA CONG FRANGO - TUBETE 500G - MARCA CHULETAO - CX 10KG,CARNE MOIDA,Tub. Frango 500g,CHULETÃO,
PA01010012,CARNE MOIDA CONG BOVINO EMB AZUL - TUBETE 500G - MARCA CHULETAO - CX 10KG,CARNE MOIDA,,CHULETÃO,TUBETE
PA01010013,CARNE MOIDA CONG BOVINO TEMPERADA - TUBETE 500G - MARCA CHULETAO - CX 10KG,CARNE MOIDA,,CHULETÃO,TUBETE
PA01010014,"CARNE MOIDA BOV CONG TEMPERADA - TUBETE 400G - MARCA CHULETAO - CX 9,600KG",CARNE MOIDA,Tub. Bov. Temp 400g,CHULETÃO,TUBETE
PA01010015,CARNE MOIDA BOV CONG TEMPERADA - TUBETE 400G - MARCA CHULETAO - CX 10KG,CARNE MOIDA,,CHULETÃO,TUBETE
PA01010016,CARNE MOIDA CONG BOVINO - SC 1KG - MARCA ALLEZA - CX 10KG,CARNE MOIDA,,ALLEZA,PACOTE
PA01010017,"CARNE MOIDA CONG DE BOVINO 2,5KG - NOVA ITABERABA - CX 10KG",CARNE MOIDA,,NOVA ITABERABA,PACOTE
PA01010018,CARNE MOIDA CONG BOVINO - TUBETE 500G - MARCA ALLEZA - CX 10KG - EXPORTACAO,CARNE MOIDA,Tub Alleza 500g EXPOR.,ALLEZA,TUBETE
PA01010019,CARNE MOIDA SUINA 500G - MARCA NOVA ITABERABA - CX 10KG,CARNE MOIDA,,CHULETÃO,PACOTE
PA01010020,CARNE MOIDA TEMPERADA 500G - MARCA CHULETAO - CX 10KG,CARNE MOIDA,,CHULETÃO,TUBETE
PA01010021,CARNE MOIDA FRANGO 500G - ALLEZA - CX 10KG,CARNE MOIDA,,ALLEZA,
PA01010022,CARNE MOIDA DE BOVINO 500G - NOVA ITABERABA,CARNE MOIDA,,NOVA ITABERABA,PACOTE
PA01010023,PICADILLO DE POLLO – TUBETE 500 G,CARNE MOIDA,,CHULETÃO,TUBETE
PA01010024,CARNE MOIDA CONG BOVINO - SC 1KG - MARCA NOVA ITABERABA - CX 12 KG,CARNE MOIDA,Moída 1kg Nv. Itab.,NOVA ITABERABA,PACOTE
PA01010025,CARNE MOIDA CONG BOVINO 1KG - MARCA CHULETAO - CX 12KG,CARNE MOIDA,,CHULETÃO,TUBETE
PA01010026,CARNE MOIDA CONG FRANGO 1 KG - MARCA NOVA ITABERABA - CX 12KG,CARNE MOIDA,,NOVA ITABERABA,
PA01010027,CARNE MOIDA CONG FRANGO 500G - MARCA NOVA ITABERABA - CX 10KG,CARNE MOIDA,,NOVA ITABERABA,
PA01010028,CARNE MOIDA CONG SUINA  1KG - MARCA NOVA ITABERABA - CX12KG,CARNE MOIDA,,NOVA ITABERABA,
PA01020001,HAMBURGUER CONG BOVINO - CAIXETA 672G - MARCA ALLEZA - CX 8.064KG,CAIXETA,,ALLEZA,BOVINO
PA01020002,ALMONDEGA CONG BOV E FRANGO 1KG - MARCA CHULETAO - CX 4KG,ALMONDEGA,Almond. Mista 1kg,CHULETÃO,MISTO
PA01020003,HAMBURGUER CONG BOVINO 56G - MARCA ALLEZA - CX 2.016KG,HAMBURGUER,Hamb Bov. 56g Alleza,ALLEZA,BOVINO
PA01020004,ALMONDEGA CONG BOVINO - 500G - MARCA ALLEZA - CX 22KG,ALMONDEGA,Almond. Bov. 500g Alleza,ALLEZA,BOVINO
PA01020005,ALMONDEGA CONG BOV E FRANGO 1KG - MARCA NOVA ITABERABA - CX 4KG,ALMONDEGA,Almond. Mista 1kg Nv. Itab.,NOVA ITABERABA,MISTO
PA01020006,ALMONDEGA CONG BOVINO 1KG - MARCA NOVA ITABERABA - CX 4KG,ALMONDEGA,Almond. Bov. 1kg Nv. Itab.,NOVA ITABERABA,BOVINO
PA01020007,ALMONDEGA CONG BOVINO GOURMAND - 300G - MARCA ALLEZA - CX 9KG,ALMONDEGA,Almond. Gourmand,ALLEZA,BOVINO
PA01020008,HAMBURGUER CONG BOVINO 56G - MARCA CHULETAO - CX 2.016KG,HAMBURGUER,Hamb Bov. 56g,CHULETÃO,BOVINO
PA01020009,"HAMBURGUER CONG BOVINO 90G - MARCA CHULETAO - CX 3,240KG",HAMBURGUER,Hamb Bov. 90g,CHULETÃO,BOVINO
PA01020010,HAMBURGUER CONG BOV E FRANGO 56G - MARCA CHULETAO - CX 2.016KG,HAMBURGUER,Hamb Misto 56g,CHULETÃO,MISTO
PA01020011,HAMBURGUER CONG BOV E FRANGO 90G - MARCA CHULETAO - CX 3.240KG,HAMBURGUER,Hamb Misto 90g,CHULETÃO,MISTO
PA01020012,ALMONDEGA CONG BOVINO 1KG - MARCA CHULETAO - CX 4KG,ALMONDEGA,Almond. Bovina 1kg,CHULETÃO,BOVINO
PA01020013,ALMONDEGA CONG BOVINO 500G - MARCA CHULETAO - CX 4KG,ALMONDEGA,Almond. Bovina 500g,CHULETÃO,BOVINO
PA01020014,"HAMBURGUER CONG BOV GOURMAND 240G - MARCA ALLEZA -  CX 7,20KG",HAMBURGUER,Hamb Gourmand 240g,ALLEZA,BOVINO
PA01020015,"HAMBURGUER CONG BOV E FRANGO 56G -MARCA MERC -  CX 2,016KG",HAMBURGUER,Hamb Misto 56g MERC,MERC,MISTO
PA01020016,"HAMBURGUER CONG BOVINO 56G - MARCA NOVA ITABERABA - CX 2,016KG",HAMBURGUER,Hamb Bov. 56g Nv. Itab.,NOVA ITABERABA,BOVINO
PA01020017,"HAMBURGUER CONG BOVINO 90G - MARCA NOVA ITABERABA - CX 3,240KG",HAMBURGUER,Hamb Bov. 90g Nv. Itab.,NOVA ITABERABA,BOVINO
PA01020018,"HAMBURGUER CONG BOV E FRANGO 56G - MARCA NOVA ITABERABA - CX 2,016KG",HAMBURGUER,Hamb Misto 56g Nv. Itab.,NOVA ITABERABA,MISTO
PA01020019,"HAMBURGUER CONG BOV E FRANGO 90G - MARCA NOVA ITABERABA - CX 3,240KG",HAMBURGUER,Hamb Misto 56g Nv. Itab.,NOVA ITABERABA,MISTO
PA01020020,ALMONDEGA CONG BOV E FRANGO 500G - MARCA CHULETAO - CX 4KG,ALMONDEGA,Almond. Mista 500g,CHULETÃO,MISTO
PA01020021,"HAMBURGUER CONG BOV E FRANGO 56G - MARCA FRIARA - CX 2,016KG",HAMBURGUER,Hamb Misto 56g FRIARA,FRIARA,MISTO
PA01020022,HAMBURGUER BOVINO 56G - ALLEZA,HAMBURGUER,,ALLEZA,BOVINO
PA01020023,ALMONDEGA CONG BOVINO 1KG - MARCA CHULETAO - CX 4KG - EXPORTACAO,ALMONDEGA,,CHULETÃO,BOVINO
PA01020024,"HAMBURGUER CONG DE CARNE BOV GOURMAND 120G -MARCA ALLEZA - CX 4,320KG",HAMBURGUER,Hamb. Gourmand 120g,ALLEZA,BOVINO
PA01020025,ALMONDEGA DE CARNE BOVINA  1 KG CAIXA: 4 KG – MARCA: CHULETAO,ALMONDEGA,,CHULETÃO,BOVINO
PA01020026,"ALMONDEGA CONG BOVINO 800G - MARCA FRIARA - CX 11,20KG",ALMONDEGA,,FRIARA,BOVINO
PA01020027,ALMONDEGA CONG BOVINO 1KG - MARCA CHULETAO - CX 20KG,ALMONDEGA,Almond. Bovina 1kg - 20kg,CHULETÃO,BOVINO
PA01020028,ALMONDEGA CONG BOVINO 500G - MARCA CHULETAO - CX 18KG,ALMONDEGA,Almond. Bovina 500g - 18kg,CHULETÃO,BOVINO
PA01020029,ALMONDEGA CONG BOV E FRANGO 1KG - MARCA CHULETAO - CX 20KG,ALMONDEGA,Almond. Mista 1kg  - 20kg,CHULETÃO,MISTO
PA01020030,ALMONDEGA CONG BOV E FRANGO 500G - MARCA CHULETAO - CX 18KG,ALMONDEGA,Almond. Mista 500g  - 18kg,CHULETÃO,MISTO
PA01020031,ALMONDEGA CONG BOVINO 1KG - MARCA NOVA ITABERABA - CX 20KG,ALMONDEGA,Almond. Bovina 1kg Nv. Itab. - 20kg,NOVA ITABERABA,BOVINO
PA01020032,ALMONDEGA CONG BOV E FRANGO 1KG - MARCA NOVA ITABERABA - CX 20KG,ALMONDEGA,Almond. Mista 1kg Nv. Itab. - 20kg,NOVA ITABERABA,MISTO
PA01020033,"HAMBURGUER CONG BOV E FRANGO 56G - MARCA MERCI -CX 2,016KG",HAMBURGUER,Hamb Misto 56g MERCI,MERC,MISTO
PA01020034,"HAMBURGUER CONG BOV E FRANGO CAIXETA 560G - MARCA CHULETAO - CX 13,440 KG",CAIXETA,Hamb Caixeta,CHULETÃO,MISTO
PA01030001,MORTADELA - TUBETE 400G - MARCA CHULETAO - CX 12KG,MORTADELA,Mortadela 400g,CHULETÃO,
PA01030002,"MORTADELA - TUBETE 2,5KG - MARCA CHULETAO - CX 15KG",MORTADELA,,CHULETÃO,
PA01030003,MORTADELA - TUBETE 400G RESFRIADA - MARCA CHULETAO - CX 12KG,MORTADELA,,CHULETÃO,
PA01030004,"EMBUTIDO COZIDO 500G - MARCA CHULETAO - CX 10,50KG",EMBUTIDO,,CHULETÃO,
PA01030005,SALSICHA RESFRIADA PCT 3KG - COM URUCUM - MARCA CHULETAO  - CX 24KG,SALSICHA,Salsic. Resfr. URUCUM,CHULETÃO,
PA01030006,SALSICHA RESFRIADA PCT 3KG - SEM URUCUM - MARCA CHULETAO  - CX 24KG,SALSICHA,Sals. Resfr. S/ URUCUM,CHULETÃO,
PA01030007,SALSICHA CONGELADA PCT 3KG - MARCA CHULETAO - CX 24KG,SALSICHA,,CHULETÃO,
PA01030008,SALSICHA CONGELADA PCT 3KG - COM URUCUM-MARCA CHULETAO - CX 24KG,SALSICHA,Salsic. Congelada,CHULETÃO,
PA01030009,SALSICHA CONGELADA PCT 3KG -SEM URUCUM - MARCA CHULETAO - CX 24KG,SALSICHA,,CHULETÃO,
PA01030010,BACON COZIDO EM MANTA 500G- MARCA CHULETAO - CX 15KG,BACON,Bacon Manta 500g,CHULETÃO,
PA01030011,BACON COZIDO EM CUBOS 1 KG - MARCA CHULETAO - CX 16KG,BACON,Bacon Cubos 1kg,CHULETÃO,
PA01030012,"LINGUICA TIPO CALABRESA COZIDA SABOR DEFUMADO 2,5KG - MARCA CHULETAO - CX 15KG",CALABRESA,Ling. Calabresa,CHULETÃO,
PA01030013,LINGUICA SUINA CONGELADA 800G - MARCA CHULETAO - CX 8 KG,LINGUICA,Ling. Suina 800g,CHULETÃO,
PA01030014,LINGUICA SUINA CONGELADA 5KG - MARCA CHULETAO - CX 20KG,LINGUICA,Ling. Suina 5kg,CHULETÃO,
PA01030015,LINGUICA SUINA CONG 3KG - MARCA CHULETAO - 12KG,LINGUICA,Ling. Suina 3kg,CHULETÃO,
PA01030016,SALSICHA CONGELADA HOT DOG 500G - MARCA  ALLEZA - 10KG,SALSICHA,,ALLEZA,
PA01030017,BACON COZIDO EM FATIA - 500 G - MARCA CHULETAO - CX 12 KG,BACON,Bacon Fatia 500g,CHULETÃO,
PA01030018,"BACON COZIDO EM CUBO - 400 G - MARCACHULETAO - CX 15,600KG",BACON,Bacon Cubo 400g,CHULETÃO,
PA01030019,BACON COZIDO EM FATIA - 250 G - MARCA CHULETAO - CX 9KG,BACON,Bacon Fatia 250g,CHULETÃO,
PA01030020,"MORTADELA 1,900 KG - CHULETAO - CX 19",MORTADELA,,CHULETÃO,
PA01030021,BACON COZIDO EM MANTA 500G- MARCA CHULETAO - CX 6KG,BACON,,CHULETÃO,
PA01030022,BACON COZIDO EM MANTA - PESO VARIAVEL  MARCA: CHULETAO,BACON,,CHULETÃO,
PA01030023,BACON COZIDO EM PEDACO - PESO VARIAVEL MARCA CHULETAO CX 15KG,BACON,,CHULETÃO,
PA01030024,LINGUICA TIPO CALABRESA RETA COZIDA SABOR DEFUMADO 3KG MARCA CHULETAO - CX 18KG,CALABRESA,Calabresa Reta,CHULETÃO,
PA01040001,"STEAK HAMBURGUER CONGELADO DE BOVINO 100G – CAIXA 4,8KG – MARCA: CHULETAO",STEAK,,CHULETÃO,BOVINO
